page,impressions,clicks,ctr,position,page_type
https://demo-store.com/product/reebok-tennis-shoes-573,79926,12419,0.155383,2.49,star
https://demo-store.com/product/under-armour-casual-shoes-801,79773,16304,0.204386,1.69,star
https://demo-store.com/product/saucony-hiking-boots-577,79461,13902,0.174964,2.61,star
https://demo-store.com/product/adidas-trail-shoes-211,79116,20940,0.264678,1.25,star
https://demo-store.com/product/new-balance-gym-shoes-350,78874,21594,0.273789,1.9,star
https://demo-store.com/product/brooks-cycling-shoes-923,78676,7469,0.094943,3.39,star
https://demo-store.com/product/altra-badminton-shoes-148,77132,15729,0.203934,1.48,star
https://demo-store.com/product/mizuno-football-boots-131,77112,20406,0.264634,1.54,star
https://demo-store.com/product/hoka-cross-training-864,76234,21641,0.283881,1.39,star
https://demo-store.com/product/mizuno-football-boots-911,76104,12114,0.15918,2.56,star
https://demo-store.com/product/brooks-cycling-shoes-278,75888,10747,0.141622,2.64,star
https://demo-store.com/product/adidas-trail-shoes-91,75658,9474,0.125224,3.02,star
https://demo-store.com/product/nike-running-shoes-705,75563,12233,0.161899,2.43,star
https://demo-store.com/product/brooks-cycling-shoes-293,75369,15921,0.211246,1.19,star
https://demo-store.com/product/nike-running-shoes-855,74718,12865,0.172182,2.48,star
https://demo-store.com/product/salomon-yoga-205,74666,11770,0.157641,2.14,star
https://demo-store.com/product/nike-running-shoes-555,74056,12134,0.163854,2.4,star
https://demo-store.com/product/nike-running-shoes-90,73949,10695,0.144638,2.44,star
https://demo-store.com/product/saucony-hiking-boots-922,73869,9372,0.126881,2.63,star
https://demo-store.com/product/vans-swimming-239,72949,7472,0.102437,3.36,star
https://demo-store.com/product/hoka-cross-training-144,72778,12026,0.165248,2.13,star
https://demo-store.com/blog/nike-vs-adidas,72541,9873,0.136114,2.42,star
https://demo-store.com/product/saucony-hiking-boots-187,71974,9697,0.134741,2.36,star
https://demo-store.com/product/brooks-cycling-shoes-308,71639,6657,0.092938,3.44,star
https://demo-store.com/product/hoka-cross-training-669,71319,9624,0.134957,2.42,star
https://demo-store.com/product/mizuno-football-boots-671,71275,6843,0.096016,3.16,star
https://demo-store.com/product/hoka-cross-training-534,70399,11743,0.166814,2.08,star
https://demo-store.com/product/new-balance-gym-shoes-695,69783,6823,0.097778,3.14,star
https://demo-store.com/product/mizuno-football-boots-611,69399,10391,0.149734,2.63,star
https://demo-store.com/product/on-running-cricket-shoes-522,68608,10962,0.159785,2.67,star
https://demo-store.com/product/asics-walking-shoes-694,67926,11831,0.174178,2.72,star
https://demo-store.com/product/mizuno-football-boots-506,67733,11073,0.163492,2.9,star
https://demo-store.com/product/under-armour-casual-shoes-756,66437,15891,0.239197,1.99,star
https://demo-store.com/product/on-running-cricket-shoes-357,65868,5435,0.082521,3.36,star
https://demo-store.com/product/hoka-cross-training-609,65797,11600,0.176306,2.36,star
https://demo-store.com/product/mizuno-football-boots-446,65512,19855,0.303081,1.34,star
https://demo-store.com/product/vans-swimming-449,65379,15674,0.239742,1.22,star
https://demo-store.com/product/reebok-tennis-shoes-168,64986,13900,0.213895,1.52,star
https://demo-store.com/product/hoka-cross-training-849,64689,5190,0.080238,3.23,star
https://demo-store.com/product/mizuno-football-boots-491,63532,14489,0.228065,1.11,star
https://demo-store.com/product/vans-swimming-569,62658,9903,0.158049,2.15,star
https://demo-store.com/brands/salomon,62233,17479,0.28087,1.29,star
https://demo-store.com/product/under-armour-casual-shoes-771,60902,9026,0.148212,2.56,star
https://demo-store.com/product/vans-swimming-854,60624,11425,0.188465,2.82,star
https://demo-store.com/product/adidas-trail-shoes-706,59775,9365,0.15668,2.07,star
https://demo-store.com/product/under-armour-casual-shoes-816,59610,11370,0.190745,1.95,star
https://demo-store.com/product/hoka-cross-training-924,58931,8350,0.141695,2.57,star
https://demo-store.com/product/asics-walking-shoes-634,58549,5349,0.091376,3.26,star
https://demo-store.com/product/new-balance-gym-shoes-875,58182,13648,0.234578,1.55,star
https://demo-store.com/product/nike-running-shoes-885,58091,9834,0.169302,2.5,star
https://demo-store.com/product/on-running-cricket-shoes-717,58048,14544,0.250568,1.6,star
https://demo-store.com/product/hoka-cross-training-999,57896,14603,0.252234,1.51,star
https://demo-store.com/product/altra-badminton-shoes-463,57839,12525,0.216559,1.9,star
https://demo-store.com/product/brooks-cycling-shoes-968,57501,14395,0.250355,1.81,star
https://demo-store.com/product/asics-walking-shoes-394,57007,14108,0.247491,1.42,star
https://demo-store.com/category/swimming,56613,13077,0.230998,1.43,star
https://demo-store.com/product/nike-running-shoes-210,56363,7341,0.130254,2.71,star
https://demo-store.com/brands/altra,55979,13982,0.249774,1.75,star
https://demo-store.com/product/salomon-yoga-670,52611,7277,0.138323,2.69,star
https://demo-store.com/product/on-running-cricket-shoes-642,51915,12504,0.240864,1.02,star
https://demo-store.com/product/nike-running-shoes-870,50985,10214,0.200341,1.0,star
https://demo-store.com/product/salomon-yoga-355,50783,13359,0.263072,1.85,star
https://demo-store.com/product/saucony-hiking-boots-757,50659,10826,0.213706,1.97,star
https://demo-store.com/product/mizuno-football-boots-386,49984,615,0.012309,6.17,low_ctr
https://demo-store.com/product/reebok-tennis-shoes-138,49913,7174,0.143734,2.07,star
https://demo-store.com/product/reebok-tennis-shoes-468,49002,682,0.013937,5.07,low_ctr
https://demo-store.com/product/nike-running-shoes-585,48663,402,0.008267,4.44,low_ctr
https://demo-store.com/product/new-balance-gym-shoes-845,48535,13355,0.275179,1.19,star
https://demo-store.com/product/puma-basketball-shoes-212,48482,738,0.015228,3.45,low_ctr
https://demo-store.com/product/new-balance-gym-shoes-170,48178,460,0.009567,5.36,low_ctr
https://demo-store.com/product/puma-basketball-shoes-767,47769,1051,0.022013,4.33,low_ctr
https://demo-store.com/product/brooks-cycling-shoes-428,47612,1204,0.02529,3.07,low_ctr
https://demo-store.com/product/new-balance-gym-shoes-290,47596,6184,0.129938,2.87,star
https://demo-store.com/product/salomon-yoga-805,47595,4537,0.095328,3.49,star
https://demo-store.com/product/vans-swimming-869,47595,5852,0.122971,2.86,star
https://demo-store.com/product/saucony-hiking-boots-547,47544,744,0.015649,5.31,low_ctr
https://demo-store.com/product/reebok-tennis-shoes-618,47518,466,0.009814,6.8,low_ctr
https://demo-store.com/product/puma-basketball-shoes-242,47284,9925,0.20992,1.29,star
https://demo-store.com/product/hoka-cross-training-99,47277,1856,0.039274,2.89,low_ctr
https://demo-store.com/product/on-running-cricket-shoes-237,47094,375,0.007972,6.37,low_ctr
https://demo-store.com/product/altra-badminton-shoes-808,47031,683,0.014537,3.83,low_ctr
https://demo-store.com/blog/shoe-size-guide,47019,633,0.013473,5.72,low_ctr
https://demo-store.com/product/under-armour-casual-shoes-261,46390,4348,0.093748,3.12,star
https://demo-store.com/product/new-balance-gym-shoes-935,46301,1445,0.031219,1.7,low_ctr
https://demo-store.com/product/under-armour-casual-shoes-411,45877,337,0.007365,5.87,low_ctr
https://demo-store.com/product/altra-badminton-shoes-388,45528,7062,0.155127,2.7,star
https://demo-store.com/product/adidas-trail-shoes-511,45514,894,0.019661,3.84,low_ctr
https://demo-store.com/product/new-balance-gym-shoes-650,45347,3290,0.072569,1.85,low_ctr
https://demo-store.com/product/saucony-hiking-boots-307,45260,6246,0.138022,2.13,star
https://demo-store.com/product/new-balance-gym-shoes-455,45029,833,0.018512,5.03,low_ctr
https://demo-store.com/product/hoka-cross-training-294,44952,370,0.008241,4.22,low_ctr
https://demo-store.com/brands/nike,44943,449,0.01001,5.97,low_ctr
https://demo-store.com/product/brooks-cycling-shoes-398,44876,2467,0.054992,1.7,low_ctr
https://demo-store.com/product/saucony-hiking-boots-352,44659,818,0.018327,4.01,low_ctr
https://demo-store.com/product/brooks-cycling-shoes-788,44642,342,0.007662,7.5,low_ctr
https://demo-store.com/product/vans-swimming-104,44272,617,0.013959,5.24,low_ctr
https://demo-store.com/product/reebok-tennis-shoes-948,43392,476,0.010974,5.79,low_ctr
https://demo-store.com/product/nike-running-shoes-270,43303,11735,0.271011,1.24,star
https://demo-store.com/product/adidas-trail-shoes-886,42911,353,0.008239,7.45,low_ctr
https://demo-store.com/category/basketball-shoes,42651,7811,0.183142,1.08,star
https://demo-store.com/product/nike-running-shoes-480,41795,8614,0.206121,1.45,star
https://demo-store.com/product/altra-badminton-shoes-688,41790,760,0.018188,5.19,low_ctr
https://demo-store.com/product/on-running-cricket-shoes-192,41738,12584,0.301509,1.23,star
https://demo-store.com/product/mizuno-football-boots-116,41712,8521,0.204287,1.83,star
https://demo-store.com/product/hoka-cross-training-204,41678,970,0.023291,3.66,low_ctr
https://demo-store.com/product/altra-badminton-shoes-883,41346,901,0.021809,4.64,low_ctr
https://demo-store.com/sale/flash-sale,41251,412,0.010005,5.17,low_ctr
https://demo-store.com/brands/under-armour,41242,815,0.019775,4.1,low_ctr
https://demo-store.com/product/on-running-cricket-shoes-852,41230,3917,0.095014,3.41,star
https://demo-store.com/product/hoka-cross-training-309,41032,861,0.020986,5.1,low_ctr
https://demo-store.com/blog/ultra-running-gear-guide,40586,10282,0.253341,1.66,star
https://demo-store.com/product/altra-badminton-shoes-868,40554,734,0.018123,4.41,low_ctr
https://demo-store.com/product/salomon-yoga-310,40464,492,0.012169,5.74,low_ctr
https://demo-store.com/sale/mid-season-sale,40334,970,0.024056,3.1,low_ctr
https://demo-store.com/product/reebok-tennis-shoes-303,39944,521,0.013051,6.44,low_ctr
https://demo-store.com/product/reebok-tennis-shoes-423,39891,842,0.021131,3.45,low_ctr
https://demo-store.com/product/on-running-cricket-shoes-552,39502,320,0.008111,5.11,low_ctr
https://demo-store.com/blog/track-vs-road-shoes,39422,404,0.010264,5.8,low_ctr
https://demo-store.com/product/reebok-tennis-shoes-588,39169,1638,0.041821,2.54,low_ctr
https://demo-store.com/product/brooks-cycling-shoes-698,39052,1017,0.026062,3.12,low_ctr
https://demo-store.com/blog/cushioning-guide-2024,39031,1282,0.032859,2.57,low_ctr
https://demo-store.com/product/under-armour-casual-shoes-111,38905,686,0.017654,4.4,low_ctr
https://demo-store.com/product/nike-running-shoes-120,38791,460,0.011876,6.7,low_ctr
https://demo-store.com/blog/how-to-choose-running-shoes,38788,4390,0.113204,3.2,star
https://demo-store.com/product/vans-swimming-359,38588,550,0.014276,4.58,low_ctr
https://demo-store.com/product/reebok-tennis-shoes-213,38492,7765,0.201735,1.94,star
https://demo-store.com/product/new-balance-gym-shoes-920,38404,296,0.007726,6.21,low_ctr
https://demo-store.com/product/altra-badminton-shoes-433,37939,931,0.024543,3.73,low_ctr
https://demo-store.com/product/asics-walking-shoes-334,37567,391,0.01042,4.22,low_ctr
https://demo-store.com/product/on-running-cricket-shoes-762,37247,795,0.021364,4.22,low_ctr
https://demo-store.com/product/under-armour-casual-shoes-141,37193,352,0.009474,7.78,low_ctr
https://demo-store.com/product/brooks-cycling-shoes-458,37092,6040,0.162861,2.98,star
https://demo-store.com/product/brooks-cycling-shoes-683,36955,9812,0.265537,1.0,star
https://demo-store.com/product/reebok-tennis-shoes-783,36849,386,0.010482,7.14,low_ctr
https://demo-store.com/product/puma-basketball-shoes-197,36275,750,0.020687,3.24,low_ctr
https://demo-store.com/product/adidas-trail-shoes-961,35910,2052,0.057152,1.57,low_ctr
https://demo-store.com/product/nike-running-shoes-675,35901,290,0.008093,5.88,low_ctr
https://demo-store.com/product/on-running-cricket-shoes-882,35691,1874,0.052529,1.53,low_ctr
https://demo-store.com/product/vans-swimming-134,35444,5858,0.165302,2.44,star
https://demo-store.com/product/new-balance-gym-shoes-605,35438,670,0.018909,4.16,low_ctr
https://demo-store.com/product/mizuno-football-boots-221,34667,886,0.025563,2.19,low_ctr
https://demo-store.com/product/brooks-cycling-shoes-743,34423,431,0.012537,6.63,low_ctr
https://demo-store.com/product/puma-basketball-shoes-977,34379,650,0.018926,4.61,low_ctr
https://demo-store.com/category/cross-training,34213,4115,0.120304,3.07,star
https://demo-store.com/brands/hoka,33674,858,0.025493,4.94,low_ctr
https://demo-store.com/product/hoka-cross-training-879,32952,242,0.007357,6.86,low_ctr
https://demo-store.com/product/nike-running-shoes-195,32935,567,0.017223,5.08,low_ctr
https://demo-store.com/category/cricket-shoes,32714,373,0.011414,5.63,low_ctr
https://demo-store.com/product/puma-basketball-shoes-662,32712,385,0.011796,5.48,low_ctr
https://demo-store.com/product/hoka-cross-training-789,32235,1161,0.036047,2.65,low_ctr
https://demo-store.com/product/on-running-cricket-shoes-612,32223,8222,0.255177,1.87,star
https://demo-store.com/product/adidas-trail-shoes-181,31981,244,0.007646,7.45,low_ctr
https://demo-store.com/product/under-armour-casual-shoes-576,31268,4621,0.147787,2.64,star
https://demo-store.com/product/asics-walking-shoes-364,31220,523,0.016756,5.42,low_ctr
https://demo-store.com/product/on-running-cricket-shoes-627,31157,266,0.00856,6.86,low_ctr
https://demo-store.com/product/altra-badminton-shoes-823,31116,160,0.005146,7.77,low_ctr
https://demo-store.com/product/altra-badminton-shoes-103,31046,3649,0.117538,3.46,star
https://demo-store.com/product/under-armour-casual-shoes-366,30925,871,0.028194,2.58,low_ctr
https://demo-store.com/product/nike-running-shoes-285,30788,398,0.012945,4.66,low_ctr
https://demo-store.com/product/saucony-hiking-boots-127,30627,341,0.011149,3.14,low_ctr
https://demo-store.com/product/reebok-tennis-shoes-723,30245,3790,0.125331,2.5,star
https://demo-store.com/product/on-running-cricket-shoes-657,30225,521,0.017262,4.25,low_ctr
https://demo-store.com/product/mizuno-football-boots-686,30169,3383,0.112148,3.24,star
https://demo-store.com/product/under-armour-casual-shoes-201,29920,1760,0.058829,1.78,low_ctr
https://demo-store.com/product/reebok-tennis-shoes-873,29609,3149,0.106364,3.11,star
https://demo-store.com/product/nike-running-shoes-930,29505,424,0.014377,4.31,low_ctr
https://demo-store.com/product/hoka-cross-training-339,28982,577,0.019913,4.76,low_ctr
https://demo-store.com/product/hoka-cross-training-249,28900,3961,0.137068,2.6,star
https://demo-store.com/product/asics-walking-shoes-439,28856,440,0.015264,6.82,low_ctr
https://demo-store.com/product/puma-basketball-shoes-362,28339,617,0.021805,3.7,low_ctr
https://demo-store.com/product/reebok-tennis-shoes-678,28151,7625,0.270872,1.73,star
https://demo-store.com/product/mizuno-football-boots-836,27920,892,0.031973,2.3,low_ctr
https://demo-store.com/product/under-armour-casual-shoes-96,27847,510,0.018321,5.9,low_ctr
https://demo-store.com/product/salomon-yoga-970,27806,790,0.028412,3.87,low_ctr
https://demo-store.com/product/puma-basketball-shoes-482,27739,708,0.025548,3.94,low_ctr
https://demo-store.com/product/mizuno-football-boots-971,27663,188,0.00681,7.82,low_ctr
https://demo-store.com/product/hoka-cross-training-504,27318,662,0.024261,2.1,low_ctr
https://demo-store.com/product/reebok-tennis-shoes-243,27314,577,0.02113,5.86,low_ctr
https://demo-store.com/sale/new-arrivals,27178,5714,0.210245,1.17,star
https://demo-store.com/product/reebok-tennis-shoes-258,26726,357,0.013359,4.84,low_ctr
https://demo-store.com/product/saucony-hiking-boots-787,26617,297,0.011165,6.08,low_ctr
https://demo-store.com/product/saucony-hiking-boots-877,25758,4527,0.175759,2.23,star
https://demo-store.com/product/vans-swimming-629,25527,163,0.006407,7.31,low_ctr
https://demo-store.com/product/saucony-hiking-boots-337,25506,6227,0.244141,1.68,star
https://demo-store.com/product/vans-swimming-284,25316,2903,0.114686,2.89,star
https://demo-store.com/blog/best-adidas-shoes-2024,25236,152,0.006061,6.7,low_ctr
https://demo-store.com/product/nike-running-shoes-315,25175,289,0.011481,5.91,low_ctr
https://demo-store.com/product/on-running-cricket-shoes-372,25055,4187,0.167144,2.7,star
https://demo-store.com/product/on-running-cricket-shoes-507,24821,464,0.018711,3.47,low_ctr
https://demo-store.com/product/asics-walking-shoes-199,24786,336,0.013573,5.09,low_ctr
https://demo-store.com/product/altra-badminton-shoes-163,24777,2746,0.110838,3.03,star
https://demo-store.com/product/puma-basketball-shoes-377,24740,393,0.015894,11.67,low_hanging
https://demo-store.com/product/on-running-cricket-shoes-777,24724,251,0.010164,5.99,low_ctr
https://demo-store.com/product/adidas-trail-shoes-601,24722,523,0.021168,11.68,low_hanging
https://demo-store.com/product/adidas-trail-shoes-556,24456,497,0.02036,9.52,low_hanging
https://demo-store.com/product/nike-running-shoes-690,24381,314,0.012891,3.57,low_ctr
https://demo-store.com/product/altra-badminton-shoes-283,24258,167,0.006905,6.55,low_ctr
https://demo-store.com/product/reebok-tennis-shoes-183,24040,341,0.014196,5.86,low_ctr
https://demo-store.com/product/adidas-trail-shoes-781,24028,553,0.023028,3.25,low_ctr
https://demo-store.com/product/vans-swimming-419,23980,3979,0.165965,2.78,star
https://demo-store.com/product/salomon-yoga-565,23915,539,0.022549,3.39,low_ctr
https://demo-store.com/product/saucony-hiking-boots-412,23777,2901,0.12205,3.21,star
https://demo-store.com/product/asics-walking-shoes-124,23725,686,0.028927,8.11,low_hanging
https://demo-store.com/product/hoka-cross-training-804,23644,481,0.020379,9.28,low_hanging
https://demo-store.com/product/puma-basketball-shoes-692,23580,534,0.02266,4.14,low_ctr
https://demo-store.com/product/asics-walking-shoes-874,23534,604,0.025693,9.45,low_hanging
https://demo-store.com/product/reebok-tennis-shoes-483,23415,267,0.011424,11.44,low_hanging
https://demo-store.com/product/nike-running-shoes-660,23293,251,0.010793,10.72,low_hanging
https://demo-store.com/product/asics-walking-shoes-409,23220,279,0.01205,4.73,low_ctr
https://demo-store.com/product/saucony-hiking-boots-247,23129,572,0.024768,9.43,low_hanging
https://demo-store.com/product/mizuno-football-boots-701,23125,646,0.027964,8.34,low_hanging
https://demo-store.com/product/adidas-trail-shoes-931,23018,247,0.010759,10.88,low_hanging
https://demo-store.com/product/hoka-cross-training-84,23000,212,0.009228,6.83,low_ctr
https://demo-store.com/product/salomon-yoga-595,22942,564,0.024607,9.25,low_hanging
https://demo-store.com/product/mizuno-football-boots-176,22928,280,0.012218,6.05,low_ctr
https://demo-store.com/product/saucony-hiking-boots-892,22869,456,0.019962,9.29,low_hanging
https://demo-store.com/product/nike-running-shoes-240,22820,477,0.020913,11.3,low_hanging
https://demo-store.com/product/asics-walking-shoes-304,22817,316,0.013878,11.95,low_hanging
https://demo-store.com/product/saucony-hiking-boots-622,22572,579,0.025684,9.66,low_hanging
https://demo-store.com/product/adidas-trail-shoes-346,22408,445,0.019885,9.83,low_hanging
https://demo-store.com/product/on-running-cricket-shoes-582,22361,305,0.013658,4.2,low_ctr
https://demo-store.com/product/nike-running-shoes-765,22325,762,0.034137,8.59,low_hanging
https://demo-store.com/product/asics-walking-shoes-844,22237,2292,0.103108,3.09,star
https://demo-store.com/product/salomon-yoga-835,22085,2909,0.131725,2.63,star
https://demo-store.com/product/salomon-yoga-385,22052,237,0.010789,11.54,low_hanging
https://demo-store.com/product/brooks-cycling-shoes-773,21922,2704,0.123373,2.41,star
https://demo-store.com/product/brooks-cycling-shoes-593,21668,3184,0.146954,3.0,star
https://demo-store.com/product/puma-basketball-shoes-647,21661,290,0.013419,10.88,low_hanging
https://demo-store.com/product/adidas-trail-shoes-616,21557,299,0.013884,10.16,low_hanging
https://demo-store.com/product/adidas-trail-shoes-496,21387,447,0.020939,11.52,low_hanging
https://demo-store.com/product/mizuno-football-boots-761,21324,405,0.019037,8.91,low_hanging
https://demo-store.com/blog/injury-prevention-guide,21282,408,0.019207,8.88,low_hanging
https://demo-store.com/product/under-armour-casual-shoes-636,21237,4438,0.209014,1.0,star
https://demo-store.com/product/adidas-trail-shoes-271,21217,355,0.01674,11.83,low_hanging
https://demo-store.com/product/new-balance-gym-shoes-515,21137,317,0.015011,10.32,low_hanging
https://demo-store.com/product/mizuno-football-boots-716,21136,458,0.021688,12.0,low_hanging
https://demo-store.com/blog/hoka-one-one-review,21112,2317,0.10977,3.32,star
https://demo-store.com/product/hoka-cross-training-354,21067,294,0.01399,10.94,low_hanging
https://demo-store.com/product/nike-running-shoes-600,20835,440,0.021158,9.53,low_hanging
https://demo-store.com/category/tennis-shoes,20390,592,0.029048,8.8,low_hanging
https://demo-store.com/product/mizuno-football-boots-476,20310,644,0.031718,9.85,low_hanging
https://demo-store.com/brands/on-running,20261,205,0.010122,7.82,low_ctr
https://demo-store.com/product/brooks-cycling-shoes-938,20188,377,0.01871,8.57,low_hanging
https://demo-store.com/product/new-balance-gym-shoes-665,19990,643,0.032177,2.59,low_ctr
https://demo-store.com/product/altra-badminton-shoes-568,19879,617,0.03105,8.72,low_hanging
https://demo-store.com/product/on-running-cricket-shoes-537,19872,2791,0.140454,2.71,star
https://demo-store.com/product/saucony-hiking-boots-997,19816,420,0.021213,9.63,low_hanging
https://demo-store.com/product/asics-walking-shoes-109,19814,289,0.0146,13.38,page2_trap
https://demo-store.com/product/altra-badminton-shoes-928,19800,5159,0.260576,1.14,star
https://demo-store.com/product/vans-swimming-809,19792,221,0.011171,11.72,page2_trap
https://demo-store.com/product/altra-badminton-shoes-958,19684,613,0.031178,9.89,low_hanging
https://demo-store.com/product/brooks-cycling-shoes-878,19665,301,0.015332,5.47,low_ctr
https://demo-store.com/product/reebok-tennis-shoes-903,19592,370,0.018924,11.22,page2_trap
https://demo-store.com/product/mizuno-football-boots-266,19566,170,0.00872,13.88,page2_trap
https://demo-store.com/product/hoka-cross-training-834,19522,334,0.017127,10.49,low_hanging
https://demo-store.com/product/salomon-yoga-655,19425,4415,0.227308,1.03,star
https://demo-store.com/product/under-armour-casual-shoes-936,19382,233,0.012072,12.18,page2_trap
https://demo-store.com/product/saucony-hiking-boots-862,19290,375,0.019455,4.63,low_ctr
https://demo-store.com/product/on-running-cricket-shoes-162,19282,2558,0.132703,2.0,star
https://demo-store.com/product/mizuno-football-boots-461,19256,815,0.042329,1.54,low_ctr
https://demo-store.com/product/saucony-hiking-boots-112,19203,208,0.010861,6.96,low_ctr
https://demo-store.com/product/on-running-cricket-shoes-297,19169,628,0.032799,8.31,low_hanging
https://demo-store.com/product/puma-basketball-shoes-992,19106,628,0.032872,9.68,low_hanging
https://demo-store.com/category/cycling-shoes,19071,401,0.021068,11.5,page2_trap
https://demo-store.com/product/hoka-cross-training-894,18994,261,0.013778,12.14,page2_trap
https://demo-store.com/product/reebok-tennis-shoes-978,18969,657,0.034649,1.78,low_ctr
https://demo-store.com/product/vans-swimming-479,18948,1884,0.099467,3.34,star
https://demo-store.com/product/under-armour-casual-shoes-531,18938,160,0.008466,7.94,low_ctr
https://demo-store.com/product/reebok-tennis-shoes-888,18786,562,0.029925,9.2,low_hanging
https://demo-store.com/product/new-balance-gym-shoes-410,18776,343,0.018271,2.9,low_ctr
https://demo-store.com/product/saucony-hiking-boots-322,18748,338,0.018045,11.37,page2_trap
https://demo-store.com/product/mizuno-football-boots-896,18709,4350,0.232542,1.5,star
https://demo-store.com/product/brooks-cycling-shoes-113,18679,279,0.014982,3.28,low_ctr
https://demo-store.com/product/asics-walking-shoes-829,18674,263,0.014104,12.35,page2_trap
https://demo-store.com/product/altra-badminton-shoes-838,18549,219,0.011845,12.08,page2_trap
https://demo-store.com/product/under-armour-casual-shoes-246,18473,143,0.007749,7.06,low_ctr
https://demo-store.com/product/altra-badminton-shoes-973,18444,281,0.015279,11.53,low_hanging
https://demo-store.com/product/altra-badminton-shoes-763,18443,319,0.017311,4.6,low_ctr
https://demo-store.com/product/mizuno-football-boots-581,18399,643,0.034961,8.6,low_hanging
https://demo-store.com/product/puma-basketball-shoes-182,18112,283,0.01564,11.88,low_hanging
https://demo-store.com/product/on-running-cricket-shoes-267,17974,308,0.01719,4.19,low_ctr
https://demo-store.com/product/vans-swimming-764,17952,199,0.011135,13.28,page2_trap
https://demo-store.com/product/under-armour-casual-shoes-291,17892,220,0.012344,13.23,page2_trap
https://demo-store.com/product/saucony-hiking-boots-142,17843,571,0.032037,9.86,low_hanging
https://demo-store.com/product/brooks-cycling-shoes-908,17663,2459,0.139261,2.07,star
https://demo-store.com/product/brooks-cycling-shoes-338,17551,281,0.016029,6.81,low_ctr
https://demo-store.com/product/hoka-cross-training-474,17517,282,0.016125,11.36,page2_trap
https://demo-store.com/product/puma-basketball-shoes-287,17445,165,0.009467,13.11,page2_trap
https://demo-store.com/product/nike-running-shoes-525,17333,123,0.007126,13.64,page2_trap
https://demo-store.com/product/asics-walking-shoes-754,17239,177,0.010309,11.8,page2_trap
https://demo-store.com/product/vans-swimming-644,17237,538,0.031256,2.06,low_ctr
https://demo-store.com/product/mizuno-football-boots-356,17180,231,0.013492,13.53,page2_trap
https://demo-store.com/product/nike-running-shoes-630,17059,576,0.0338,8.07,low_hanging
https://demo-store.com/blog/best-shoes-for-marathon,17008,133,0.007875,7.12,low_ctr
https://demo-store.com/product/new-balance-gym-shoes-560,17003,394,0.023179,8.43,low_hanging
https://demo-store.com/product/salomon-yoga-775,17000,226,0.013305,11.15,page2_trap
https://demo-store.com/product/under-armour-casual-shoes-846,16966,229,0.013552,11.95,low_hanging
https://demo-store.com/product/mizuno-football-boots-881,16762,469,0.028018,9.83,low_hanging
https://demo-store.com/product/salomon-yoga-490,16628,306,0.018439,10.39,low_hanging
https://demo-store.com/product/salomon-yoga-220,16469,141,0.008594,14.38,page2_trap
https://demo-store.com/product/puma-basketball-shoes-872,16449,162,0.009907,14.8,page2_trap
https://demo-store.com/product/under-armour-casual-shoes-171,16377,209,0.012801,11.28,page2_trap
https://demo-store.com/product/vans-swimming-659,16316,98,0.006053,7.83,low_ctr
https://demo-store.com/product/nike-running-shoes-75,16083,373,0.02324,8.51,low_hanging
https://demo-store.com/product/altra-badminton-shoes-448,16071,118,0.007402,6.41,low_ctr
https://demo-store.com/product/nike-running-shoes-330,16055,209,0.013019,13.44,page2_trap
https://demo-store.com/product/saucony-hiking-boots-262,16034,175,0.010969,11.29,page2_trap
https://demo-store.com/product/puma-basketball-shoes-497,15998,168,0.010563,10.22,low_hanging
https://demo-store.com/product/reebok-tennis-shoes-333,15937,147,0.009254,12.85,page2_trap
https://demo-store.com/product/hoka-cross-training-729,15815,232,0.014685,14.17,page2_trap
https://demo-store.com/product/salomon-yoga-160,15803,2312,0.146349,2.44,star
https://demo-store.com/product/saucony-hiking-boots-502,15648,181,0.011609,10.23,low_hanging
https://demo-store.com/product/reebok-tennis-shoes-993,15556,305,0.019628,11.92,page2_trap
https://demo-store.com/product/vans-swimming-614,15530,181,0.011671,11.66,page2_trap
https://demo-store.com/product/adidas-trail-shoes-526,15478,417,0.027,8.05,low_hanging
https://demo-store.com/product/under-armour-casual-shoes-486,15397,209,0.013587,13.13,page2_trap
https://demo-store.com/product/adidas-trail-shoes-481,15274,215,0.014131,12.5,page2_trap
https://demo-store.com/product/on-running-cricket-shoes-867,15214,166,0.010946,11.27,low_hanging
https://demo-store.com/product/asics-walking-shoes-424,15149,202,0.013374,13.33,page2_trap
https://demo-store.com/product/adidas-trail-shoes-976,15086,192,0.012762,14.24,page2_trap
https://demo-store.com/product/puma-basketball-shoes-272,14961,184,0.012323,12.41,page2_trap
https://demo-store.com/product/salomon-yoga-430,14947,177,0.011892,13.01,page2_trap
https://demo-store.com/product/hoka-cross-training-939,14913,318,0.021364,10.15,low_hanging
https://demo-store.com/product/puma-basketball-shoes-122,14748,202,0.013724,13.9,page2_trap
https://demo-store.com/product/nike-running-shoes-645,14583,368,0.0253,9.41,low_hanging
https://demo-store.com/product/salomon-yoga-85,14556,202,0.013915,12.31,page2_trap
https://demo-store.com/product/salomon-yoga-235,14522,195,0.013437,14.87,page2_trap
https://demo-store.com/product/on-running-cricket-shoes-477,14474,101,0.007024,12.02,page2_trap
https://demo-store.com/product/new-balance-gym-shoes-590,14462,251,0.017369,11.12,page2_trap
https://demo-store.com/product/vans-swimming-719,14384,553,0.038501,2.64,low_ctr
https://demo-store.com/product/on-running-cricket-shoes-282,14327,340,0.023795,9.68,low_hanging
https://demo-store.com/product/altra-badminton-shoes-238,14172,311,0.021975,8.43,low_hanging
https://demo-store.com/product/hoka-cross-training-519,14025,92,0.006593,6.26,low_ctr
https://demo-store.com/product/altra-badminton-shoes-118,13964,203,0.014542,12.91,page2_trap
https://demo-store.com/product/under-armour-casual-shoes-606,13961,427,0.030594,2.04,low_ctr
https://demo-store.com/product/adidas-trail-shoes-766,13955,100,0.007214,7.82,low_ctr
https://demo-store.com/product/vans-swimming-314,13924,317,0.022809,9.49,low_hanging
https://demo-store.com/product/saucony-hiking-boots-382,13845,158,0.011456,10.04,low_hanging
https://demo-store.com/product/hoka-cross-training-624,13593,148,0.010904,12.82,page2_trap
https://demo-store.com/product/new-balance-gym-shoes-905,13550,154,0.011373,14.02,page2_trap
https://demo-store.com/product/puma-basketball-shoes-842,13510,478,0.035386,1.76,low_ctr
https://demo-store.com/product/brooks-cycling-shoes-128,13467,258,0.019167,8.9,low_hanging
https://demo-store.com/product/vans-swimming-464,13467,288,0.021411,4.14,low_ctr
https://demo-store.com/product/hoka-cross-training-774,13267,174,0.01317,11.51,low_hanging
https://demo-store.com/product/mizuno-football-boots-626,13238,176,0.013365,14.4,page2_trap
https://demo-store.com/product/asics-walking-shoes-244,13126,158,0.012067,7.26,low_ctr
https://demo-store.com/product/saucony-hiking-boots-367,13052,136,0.01048,13.46,page2_trap
https://demo-store.com/product/vans-swimming-269,13003,118,0.009124,5.96,low_ctr
https://demo-store.com/product/on-running-cricket-shoes-672,12835,279,0.021741,2.66,low_ctr
https://demo-store.com/product/reebok-tennis-shoes-543,12833,195,0.015245,11.21,page2_trap
https://demo-store.com/product/salomon-yoga-850,12769,324,0.025441,9.43,low_hanging
https://demo-store.com/product/saucony-hiking-boots-772,12712,250,0.019714,5.18,low_ctr
https://demo-store.com/product/new-balance-gym-shoes-545,12694,287,0.022647,8.12,low_hanging
https://demo-store.com/product/nike-running-shoes-105,12671,152,0.012058,5.76,low_ctr
https://demo-store.com/product/hoka-cross-training-264,12655,356,0.028156,9.52,low_hanging
https://demo-store.com/product/new-balance-gym-shoes-395,12563,144,0.011509,14.37,page2_trap
https://demo-store.com/product/brooks-cycling-shoes-143,12561,250,0.019969,11.41,low_hanging
https://demo-store.com/product/salomon-yoga-145,12523,253,0.020211,11.11,page2_trap
https://demo-store.com/product/asics-walking-shoes-739,12501,114,0.009122,12.79,page2_trap
https://demo-store.com/product/mizuno-football-boots-101,12483,267,0.021424,11.37,page2_trap
https://demo-store.com/product/asics-walking-shoes-949,12365,148,0.012024,11.83,low_hanging
https://demo-store.com/product/reebok-tennis-shoes-93,12319,151,0.012307,13.49,page2_trap
https://demo-store.com/brands/reebok,12311,326,0.026487,8.85,low_hanging
https://demo-store.com/product/on-running-cricket-shoes-402,12242,169,0.013832,11.45,low_hanging
https://demo-store.com/product/puma-basketball-shoes-542,12171,88,0.007255,6.64,low_ctr
https://demo-store.com/product/reebok-tennis-shoes-228,12123,126,0.0104,11.15,low_hanging
https://demo-store.com/product/new-balance-gym-shoes-725,12103,142,0.011773,11.24,page2_trap
https://demo-store.com/product/vans-swimming-494,12007,246,0.020515,11.95,page2_trap
https://demo-store.com/product/adidas-trail-shoes-871,11981,200,0.016748,11.56,low_hanging
https://demo-store.com/product/new-balance-gym-shoes-635,11959,302,0.025297,8.29,normal
https://demo-store.com/product/on-running-cricket-shoes-222,11956,829,0.069338,5.07,normal
https://demo-store.com/product/adidas-trail-shoes-196,11946,112,0.009402,7.12,low_ctr
https://demo-store.com/product/new-balance-gym-shoes-95,11923,522,0.043819,5.07,normal
https://demo-store.com/product/adidas-trail-shoes-901,11905,713,0.059935,5.01,normal
https://demo-store.com/product/hoka-cross-training-399,11899,376,0.03168,9.93,low_hanging
https://demo-store.com/product/vans-swimming-599,11861,968,0.081654,3.99,normal
https://demo-store.com/product/nike-running-shoes-570,11851,1130,0.095434,3.48,normal
https://demo-store.com/product/altra-badminton-shoes-328,11851,376,0.031754,8.4,normal
https://demo-store.com/product/mizuno-football-boots-536,11842,308,0.026084,9.21,normal
https://demo-store.com/sale/bundle-deals,11795,173,0.014749,11.95,page2_trap
https://demo-store.com/product/puma-basketball-shoes-632,11781,388,0.032997,9.37,normal
https://demo-store.com/product/altra-badminton-shoes-598,11762,160,0.013665,11.47,page2_trap
https://demo-store.com/product/altra-badminton-shoes-268,11741,144,0.012321,12.71,page2_trap
https://demo-store.com/product/on-running-cricket-shoes-837,11735,364,0.031022,7.41,normal
https://demo-store.com/product/nike-running-shoes-465,11690,141,0.01211,13.76,page2_trap
https://demo-store.com/product/nike-running-shoes-795,11671,102,0.008803,5.71,low_ctr
https://demo-store.com/brands/brooks,11649,488,0.041906,5.96,normal
https://demo-store.com/product/saucony-hiking-boots-637,11640,351,0.030161,6.12,normal
https://demo-store.com/product/hoka-cross-training-369,11631,592,0.050934,4.12,normal
https://demo-store.com/product/asics-walking-shoes-859,11607,520,0.044872,6.67,normal
https://demo-store.com/product/brooks-cycling-shoes-848,11588,720,0.062156,5.19,normal
https://demo-store.com/product/under-armour-casual-shoes-621,11579,512,0.044265,5.75,normal
https://demo-store.com/product/salomon-yoga-505,11537,297,0.025791,7.23,normal
https://demo-store.com/product/new-balance-gym-shoes-890,11521,242,0.021054,10.75,low_hanging
https://demo-store.com/product/hoka-cross-training-444,11474,250,0.021836,9.34,normal
https://demo-store.com/product/under-armour-casual-shoes-966,11454,884,0.077232,4.45,normal
https://demo-store.com/product/new-balance-gym-shoes-260,11383,167,0.014712,12.83,page2_trap
https://demo-store.com/collection/wide-fit,11368,1095,0.096344,3.73,normal
https://demo-store.com/sale/student-discount,11330,163,0.014432,12.83,page2_trap
https://demo-store.com/product/saucony-hiking-boots-802,11290,182,0.016208,11.75,page2_trap
https://demo-store.com/product/puma-basketball-shoes-317,11257,317,0.028246,9.75,normal
https://demo-store.com/product/asics-walking-shoes-319,11248,369,0.032839,7.89,normal
https://demo-store.com/product/salomon-yoga-400,11246,140,0.012509,12.81,page2_trap
https://demo-store.com/product/asics-walking-shoes-934,11224,171,0.015252,11.06,low_hanging
https://demo-store.com/product/on-running-cricket-shoes-447,11196,368,0.032933,9.55,normal
https://demo-store.com/product/new-balance-gym-shoes-245,11166,271,0.024299,8.13,low_hanging
https://demo-store.com/product/brooks-cycling-shoes-833,11158,272,0.024378,8.54,normal
https://demo-store.com/product/under-armour-casual-shoes-891,11151,234,0.021023,9.83,normal
https://demo-store.com/product/saucony-hiking-boots-937,11115,761,0.068484,5.61,normal
https://demo-store.com/product/altra-badminton-shoes-253,11085,130,0.011736,11.43,low_hanging
https://demo-store.com/product/nike-running-shoes-300,11074,243,0.022017,8.71,normal
https://demo-store.com/product/reebok-tennis-shoes-498,11040,449,0.040716,7.7,normal
https://demo-store.com/product/reebok-tennis-shoes-918,11022,412,0.037423,7.3,normal
https://demo-store.com/product/under-armour-casual-shoes-306,11000,156,0.014223,10.37,low_hanging
https://demo-store.com/product/brooks-cycling-shoes-158,10988,207,0.018927,8.18,low_hanging
https://demo-store.com/product/puma-basketball-shoes-617,10980,160,0.014619,13.29,page2_trap
https://demo-store.com/product/hoka-cross-training-459,10964,351,0.032059,9.28,normal
https://demo-store.com/product/asics-walking-shoes-184,10944,111,0.010204,13.65,page2_trap
https://demo-store.com/product/reebok-tennis-shoes-438,10930,198,0.018119,11.49,page2_trap
https://demo-store.com/product/hoka-cross-training-549,10885,671,0.061689,4.08,normal
https://demo-store.com/product/mizuno-football-boots-281,10873,212,0.01956,9.8,normal
https://demo-store.com/product/saucony-hiking-boots-427,10805,336,0.031168,8.05,normal
https://demo-store.com/product/saucony-hiking-boots-172,10740,441,0.041078,7.13,normal
https://demo-store.com/product/asics-walking-shoes-814,10718,217,0.020268,4.56,low_ctr
https://demo-store.com/product/on-running-cricket-shoes-207,10711,406,0.037997,7.85,normal
https://demo-store.com/product/nike-running-shoes-990,10701,446,0.041754,2.11,low_ctr
https://demo-store.com/product/altra-badminton-shoes-193,10698,160,0.015016,5.71,low_ctr
https://demo-store.com/product/puma-basketball-shoes-167,10674,1054,0.098803,3.42,normal
https://demo-store.com/collection/limited-edition,10650,138,0.013013,10.02,low_hanging
https://demo-store.com/product/adidas-trail-shoes-916,10629,530,0.049933,6.71,normal
https://demo-store.com/product/salomon-yoga-295,10627,465,0.043792,6.22,normal
https://demo-store.com/product/asics-walking-shoes-724,10561,569,0.053915,4.41,normal
https://demo-store.com/product/altra-badminton-shoes-223,10494,213,0.020381,11.03,page2_trap
https://demo-store.com/product/mizuno-football-boots-596,10486,273,0.02608,3.76,low_ctr
https://demo-store.com/product/vans-swimming-344,10475,337,0.032224,6.69,normal
https://demo-store.com/product/mizuno-football-boots-776,10472,345,0.033034,7.77,normal
https://demo-store.com/product/vans-swimming-299,10472,178,0.017038,4.95,low_ctr
https://demo-store.com/product/on-running-cricket-shoes-132,10449,315,0.030212,9.75,normal
https://demo-store.com/product/under-armour-casual-shoes-651,10388,152,0.014637,3.07,low_ctr
https://demo-store.com/product/altra-badminton-shoes-418,10370,414,0.040002,6.56,normal
https://demo-store.com/product/hoka-cross-training-909,10356,268,0.025928,8.02,low_hanging
https://demo-store.com/product/reebok-tennis-shoes-288,10319,785,0.076133,3.38,normal
https://demo-store.com/product/on-running-cricket-shoes-147,10267,313,0.030525,7.91,normal
https://demo-store.com/product/under-armour-casual-shoes-591,10202,306,0.030089,6.01,normal
https://demo-store.com/product/new-balance-gym-shoes-335,10192,266,0.02617,8.21,low_hanging
https://demo-store.com/product/vans-swimming-374,10179,104,0.010311,11.84,low_hanging
https://demo-store.com/product/salomon-yoga-985,10167,185,0.018227,11.67,page2_trap
https://demo-store.com/product/vans-swimming-434,10162,86,0.008538,13.44,page2_trap
https://demo-store.com/product/adidas-trail-shoes-826,10153,334,0.032909,8.91,low_hanging
https://demo-store.com/product/brooks-cycling-shoes-953,10132,400,0.039561,2.64,low_ctr
https://demo-store.com/product/hoka-cross-training-219,10126,697,0.068861,5.09,normal
https://demo-store.com/product/on-running-cricket-shoes-987,10115,626,0.061923,1.61,low_ctr
https://demo-store.com/product/new-balance-gym-shoes-275,10092,151,0.014995,3.78,low_ctr
https://demo-store.com/product/adidas-trail-shoes-691,10079,737,0.07317,3.76,normal
https://demo-store.com/product/reebok-tennis-shoes-708,10053,160,0.015987,10.59,low_hanging
https://demo-store.com/product/hoka-cross-training-984,10046,211,0.021092,8.74,normal
https://demo-store.com/product/adidas-trail-shoes-151,10028,567,0.056604,5.58,normal
https://demo-store.com/product/brooks-cycling-shoes-98,10002,314,0.031445,7.25,normal
https://demo-store.com/product/vans-swimming-884,9979,743,0.074457,4.22,normal
https://demo-store.com/product/asics-walking-shoes-274,9968,329,0.033095,6.55,normal
https://demo-store.com/blog/running-shoes-for-flat-feet,9962,196,0.01969,11.14,low_hanging
https://demo-store.com/product/vans-swimming-404,9958,170,0.017092,3.57,low_ctr
https://demo-store.com/product/mizuno-football-boots-566,9943,226,0.022765,9.3,low_hanging
https://demo-store.com/product/altra-badminton-shoes-493,9938,575,0.057938,5.23,normal
https://demo-store.com/product/hoka-cross-training-384,9876,633,0.06411,5.58,normal
https://demo-store.com/product/on-running-cricket-shoes-792,9875,213,0.021643,8.46,normal
https://demo-store.com/product/vans-swimming-149,9874,175,0.017751,10.76,low_hanging
https://demo-store.com/product/asics-walking-shoes-349,9849,590,0.059931,5.92,normal
https://demo-store.com/product/mizuno-football-boots-191,9841,135,0.013729,10.84,low_hanging
https://demo-store.com/product/salomon-yoga-175,9825,250,0.025466,9.45,normal
https://demo-store.com/product/brooks-cycling-shoes-653,9812,553,0.056391,5.95,normal
https://demo-store.com/product/reebok-tennis-shoes-963,9779,285,0.02921,9.64,normal
https://demo-store.com/product/brooks-cycling-shoes-713,9767,368,0.037768,6.52,normal
https://demo-store.com/product/under-armour-casual-shoes-471,9743,924,0.094863,3.79,normal
https://demo-store.com/blog/top-trail-shoes-review,9727,78,0.008027,12.89,declining
https://demo-store.com/product/under-armour-casual-shoes-336,9723,68,0.007053,6.12,low_ctr
https://demo-store.com/product/asics-walking-shoes-799,9705,732,0.075512,1.55,low_ctr
https://demo-store.com/product/nike-running-shoes-825,9700,373,0.038535,7.72,declining
https://demo-store.com/brands/new-balance,9697,435,0.04494,6.77,normal
https://demo-store.com/product/brooks-cycling-shoes-863,9647,274,0.02842,9.24,normal
https://demo-store.com/product/nike-running-shoes-435,9643,658,0.068245,5.09,normal
https://demo-store.com/product/vans-swimming-164,9643,272,0.028307,8.35,normal
https://demo-store.com/product/mizuno-football-boots-326,9626,353,0.036735,6.34,declining
https://demo-store.com/product/brooks-cycling-shoes-728,9621,264,0.027503,3.69,low_ctr
https://demo-store.com/product/under-armour-casual-shoes-216,9608,214,0.022318,9.84,low_hanging
https://demo-store.com/product/new-balance-gym-shoes-785,9589,69,0.007232,13.91,declining
https://demo-store.com/product/mizuno-football-boots-251,9580,541,0.056479,4.45,normal
https://demo-store.com/product/adidas-trail-shoes-841,9571,94,0.009863,14.76,declining
https://demo-store.com/product/salomon-yoga-895,9564,359,0.037617,6.96,declining
https://demo-store.com/product/saucony-hiking-boots-847,9541,145,0.015216,6.79,low_ctr
https://demo-store.com/product/vans-swimming-584,9537,149,0.015714,10.35,declining
https://demo-store.com/product/saucony-hiking-boots-517,9521,368,0.038697,7.58,normal
https://demo-store.com/product/puma-basketball-shoes-152,9517,581,0.061086,5.32,normal
https://demo-store.com/blog/best-budget-running-shoes,9501,176,0.018534,8.27,low_hanging
https://demo-store.com/product/hoka-cross-training-189,9498,746,0.078641,3.92,normal
https://demo-store.com/product/puma-basketball-shoes-107,9486,158,0.016689,10.18,declining
https://demo-store.com/product/saucony-hiking-boots-97,9477,219,0.023166,8.84,normal
https://demo-store.com/product/altra-badminton-shoes-628,9467,343,0.036323,7.05,normal
https://demo-store.com/product/puma-basketball-shoes-512,9462,127,0.013438,6.72,low_ctr
https://demo-store.com/product/vans-swimming-929,9459,140,0.014892,11.64,low_hanging
https://demo-store.com/product/brooks-cycling-shoes-218,9455,598,0.063252,4.11,normal
https://demo-store.com/product/under-armour-casual-shoes-921,9426,99,0.010564,13.23,declining
https://demo-store.com/product/under-armour-casual-shoes-711,9407,327,0.03482,8.56,normal
https://demo-store.com/collection/womens-running,9400,349,0.037234,7.92,normal
https://demo-store.com/product/vans-swimming-914,9397,299,0.031839,6.76,normal
https://demo-store.com/product/nike-running-shoes-900,9350,156,0.016735,10.97,low_hanging
https://demo-store.com/product/saucony-hiking-boots-442,9324,623,0.066861,4.9,normal
https://demo-store.com/product/adidas-trail-shoes-661,9319,102,0.011035,11.23,page2_trap
https://demo-store.com/product/under-armour-casual-shoes-351,9316,136,0.014685,10.99,declining
https://demo-store.com/product/new-balance-gym-shoes-500,9313,437,0.046987,6.31,normal
https://demo-store.com/product/asics-walking-shoes-154,9279,275,0.029733,9.66,normal
https://demo-store.com/product/asics-walking-shoes-514,9250,94,0.010195,10.97,low_hanging
https://demo-store.com/category/walking-shoes,9223,209,0.022729,9.8,low_hanging
https://demo-store.com/product/adidas-trail-shoes-571,9180,285,0.031057,7.25,declining
https://demo-store.com/product/puma-basketball-shoes-452,9116,364,0.03998,7.68,declining
https://demo-store.com/product/brooks-cycling-shoes-608,9115,103,0.011359,10.95,declining
https://demo-store.com/product/under-armour-casual-shoes-861,9070,338,0.037365,7.82,normal
https://demo-store.com/product/brooks-cycling-shoes-473,9025,393,0.043606,6.09,normal
https://demo-store.com/product/reebok-tennis-shoes-198,9022,95,0.010572,13.79,declining
https://demo-store.com/product/reebok-tennis-shoes-363,9007,472,0.052478,4.87,normal
https://demo-store.com/product/hoka-cross-training-579,8999,393,0.043753,6.91,normal
https://demo-store.com/product/hoka-cross-training-819,8988,312,0.034773,8.99,declining
https://demo-store.com/product/nike-running-shoes-375,8982,510,0.05685,5.71,normal
https://demo-store.com/product/asics-walking-shoes-649,8982,258,0.028773,7.25,normal
https://demo-store.com/product/nike-running-shoes-780,8969,194,0.021691,11.54,page2_trap
https://demo-store.com/brands/saucony,8957,76,0.008527,6.41,low_ctr
https://demo-store.com/product/under-armour-casual-shoes-426,8956,104,0.011668,13.89,page2_trap
https://demo-store.com/product/nike-running-shoes-420,8946,876,0.097941,3.98,normal
https://demo-store.com/product/vans-swimming-974,8930,261,0.02923,7.5,normal
https://demo-store.com/blog/carbon-plate-shoes-review,8923,625,0.070069,4.67,normal
https://demo-store.com/product/new-balance-gym-shoes-860,8839,109,0.012359,14.91,page2_trap
https://demo-store.com/product/salomon-yoga-265,8782,236,0.026984,7.24,normal
https://demo-store.com/product/altra-badminton-shoes-298,8760,73,0.008345,12.33,page2_trap
https://demo-store.com/product/asics-walking-shoes-379,8753,150,0.01714,6.77,low_ctr
https://demo-store.com/product/altra-badminton-shoes-718,8689,129,0.014861,13.3,page2_trap
https://demo-store.com/product/puma-basketball-shoes-332,8684,74,0.008552,14.14,declining
https://demo-store.com/product/salomon-yoga-460,8684,158,0.018308,4.11,low_ctr
https://demo-store.com/product/brooks-cycling-shoes-188,8667,348,0.0402,7.38,normal
https://demo-store.com/product/asics-walking-shoes-469,8656,107,0.012443,14.05,page2_trap
https://demo-store.com/product/puma-basketball-shoes-557,8579,471,0.055016,4.02,normal
https://demo-store.com/product/on-running-cricket-shoes-687,8564,131,0.015305,5.28,low_ctr
https://demo-store.com/product/brooks-cycling-shoes-518,8505,245,0.028909,9.77,normal
https://demo-store.com/product/vans-swimming-209,8494,158,0.01861,9.11,normal
https://demo-store.com/product/new-balance-gym-shoes-965,8489,491,0.057931,4.62,normal
https://demo-store.com/product/adidas-trail-shoes-121,8456,677,0.080084,3.2,normal
https://demo-store.com/product/new-balance-gym-shoes-155,8433,570,0.067688,4.94,normal
https://demo-store.com/product/salomon-yoga-475,8429,280,0.033308,7.19,declining
https://demo-store.com/product/brooks-cycling-shoes-893,8370,367,0.043853,7.08,normal
https://demo-store.com/product/under-armour-casual-shoes-906,8340,175,0.021016,9.18,low_hanging
https://demo-store.com/product/on-running-cricket-shoes-177,8271,163,0.019799,5.39,low_ctr
https://demo-store.com/product/salomon-yoga-610,8231,180,0.021877,10.92,declining
https://demo-store.com/product/hoka-cross-training-654,8217,255,0.031096,9.68,normal
https://demo-store.com/product/saucony-hiking-boots-967,8195,270,0.032986,9.43,normal
https://demo-store.com/product/salomon-yoga-370,8179,256,0.031345,6.31,declining
https://demo-store.com/product/new-balance-gym-shoes-125,8064,466,0.057805,4.27,normal
https://demo-store.com/product/salomon-yoga-520,8030,132,0.016506,11.67,low_hanging
https://demo-store.com/product/altra-badminton-shoes-913,8025,155,0.019435,10.08,low_hanging
https://demo-store.com/product/saucony-hiking-boots-457,8018,315,0.039372,7.54,normal
https://demo-store.com/product/adidas-trail-shoes-631,7979,787,0.098741,3.0,normal
https://demo-store.com/product/vans-swimming-524,7971,466,0.058535,5.61,normal
https://demo-store.com/product/nike-running-shoes-735,7966,167,0.021052,10.41,low_hanging
https://demo-store.com/product/puma-basketball-shoes-92,7956,60,0.00756,12.46,page2_trap
https://demo-store.com/product/under-armour-casual-shoes-126,7949,499,0.062837,5.29,normal
https://demo-store.com/product/hoka-cross-training-234,7934,354,0.044652,2.41,low_ctr
https://demo-store.com/product/asics-walking-shoes-214,7900,152,0.019342,8.68,low_hanging
https://demo-store.com/product/hoka-cross-training-744,7893,752,0.095373,3.52,normal
https://demo-store.com/product/reebok-tennis-shoes-603,7889,333,0.04231,7.34,normal
https://demo-store.com/product/altra-badminton-shoes-673,7870,174,0.02222,8.02,declining
https://demo-store.com/product/puma-basketball-shoes-707,7807,145,0.018589,9.18,normal
https://demo-store.com/product/asics-walking-shoes-904,7759,259,0.033495,8.81,normal
https://demo-store.com/product/under-armour-casual-shoes-81,7745,107,0.013913,13.22,declining
https://demo-store.com/product/on-running-cricket-shoes-732,7745,236,0.030478,9.51,low_hanging
https://demo-store.com/product/hoka-cross-training-429,7725,344,0.044543,5.2,normal
https://demo-store.com/product/salomon-yoga-730,7708,129,0.016744,10.83,low_hanging
https://demo-store.com/product/saucony-hiking-boots-277,7704,4,0.000519,18.57,zero_clicks
https://demo-store.com/product/altra-badminton-shoes-313,7672,206,0.026909,9.94,normal
https://demo-store.com/product/vans-swimming-329,7670,620,0.080929,3.31,normal
https://demo-store.com/product/mizuno-football-boots-296,7655,169,0.022136,8.91,normal
https://demo-store.com/product/saucony-hiking-boots-907,7626,98,0.012881,14.85,page2_trap
https://demo-store.com/product/vans-swimming-749,7613,403,0.053038,4.1,normal
https://demo-store.com/product/brooks-cycling-shoes-578,7552,550,0.072958,3.74,normal
https://demo-store.com/product/puma-basketball-shoes-257,7397,332,0.044913,6.68,normal
https://demo-store.com/product/asics-walking-shoes-139,7382,146,0.019794,8.76,normal
https://demo-store.com/product/on-running-cricket-shoes-117,7381,86,0.011673,14.14,declining
https://demo-store.com/product/altra-badminton-shoes-538,7377,70,0.009516,14.72,page2_trap
https://demo-store.com/product/adidas-trail-shoes-541,7375,83,0.011324,12.09,declining
https://demo-store.com/product/reebok-tennis-shoes-528,7374,82,0.011156,11.43,page2_trap
https://demo-store.com/product/altra-badminton-shoes-613,7353,4,0.000544,21.8,zero_clicks
https://demo-store.com/product/mizuno-football-boots-926,7350,0,0.0,15.4,zero_clicks
https://demo-store.com/product/saucony-hiking-boots-202,7325,97,0.013339,14.9,declining
https://demo-store.com/product/asics-walking-shoes-499,7321,358,0.048997,5.86,normal
https://demo-store.com/product/adidas-trail-shoes-436,7317,3,0.00041,12.91,zero_clicks
https://demo-store.com/product/mizuno-football-boots-401,7309,249,0.03408,6.39,normal
https://demo-store.com/product/new-balance-gym-shoes-230,7255,141,0.019438,11.8,page2_trap
https://demo-store.com/product/reebok-tennis-shoes-663,7255,134,0.018495,11.48,page2_trap
https://demo-store.com/product/asics-walking-shoes-994,7246,229,0.031679,9.15,declining
https://demo-store.com/product/adidas-trail-shoes-241,7189,513,0.07136,3.82,normal
https://demo-store.com/product/asics-walking-shoes-589,7136,205,0.028728,7.41,normal
https://demo-store.com/product/under-armour-casual-shoes-186,7122,228,0.032024,9.05,normal
https://demo-store.com/product/under-armour-casual-shoes-831,7109,545,0.07673,3.13,normal
https://demo-store.com/product/mizuno-football-boots-431,7081,74,0.010585,6.09,low_ctr
https://demo-store.com/product/brooks-cycling-shoes-413,7063,613,0.086855,3.36,normal
https://demo-store.com/product/asics-walking-shoes-964,7028,0,0.0,20.44,zero_clicks
https://demo-store.com/product/saucony-hiking-boots-292,7005,131,0.018719,9.03,normal
https://demo-store.com/product/altra-badminton-shoes-658,7003,162,0.023268,9.11,low_hanging
https://demo-store.com/product/new-balance-gym-shoes-530,7002,691,0.098779,3.55,normal
https://demo-store.com/product/mizuno-football-boots-371,7001,239,0.034141,9.26,declining
https://demo-store.com/product/on-running-cricket-shoes-567,6980,253,0.036277,7.02,declining
https://demo-store.com/product/mizuno-football-boots-236,6964,599,0.086097,3.1,normal
https://demo-store.com/product/adidas-trail-shoes-421,6938,212,0.030568,9.93,normal
https://demo-store.com/product/salomon-yoga-685,6925,39,0.005736,7.82,low_ctr
https://demo-store.com/product/vans-swimming-119,6889,235,0.034208,8.97,normal
https://demo-store.com/product/asics-walking-shoes-619,6885,51,0.007426,7.95,low_ctr
https://demo-store.com/product/puma-basketball-shoes-587,6885,88,0.012924,14.72,page2_trap
https://demo-store.com/product/saucony-hiking-boots-712,6883,133,0.019377,10.32,declining
https://demo-store.com/product/asics-walking-shoes-664,6868,67,0.009774,12.99,page2_trap
https://demo-store.com/product/on-running-cricket-shoes-912,6866,303,0.044154,6.66,declining
https://demo-store.com/product/salomon-yoga-115,6775,265,0.039128,7.86,normal
https://demo-store.com/product/new-balance-gym-shoes-575,6747,0,0.0,23.22,zero_clicks
https://demo-store.com/product/adidas-trail-shoes-856,6721,190,0.028393,8.45,normal
https://demo-store.com/product/reebok-tennis-shoes-348,6704,120,0.018027,9.17,low_hanging
https://demo-store.com/product/puma-basketball-shoes-797,6668,172,0.025803,8.96,normal
https://demo-store.com/product/adidas-trail-shoes-721,6656,81,0.012259,10.25,low_hanging
https://demo-store.com/product/on-running-cricket-shoes-972,6653,105,0.015785,10.38,declining
https://demo-store.com/product/mizuno-football-boots-746,6651,347,0.05225,4.13,normal
https://demo-store.com/product/nike-running-shoes-390,6631,56,0.008509,6.9,low_ctr
https://demo-store.com/product/salomon-yoga-580,6629,418,0.06317,5.74,normal
https://demo-store.com/product/vans-swimming-824,6612,219,0.033164,9.65,normal
https://demo-store.com/product/puma-basketball-shoes-962,6604,3,0.000454,10.82,zero_clicks
https://demo-store.com/product/altra-badminton-shoes-778,6602,624,0.094522,3.14,normal
https://demo-store.com/blog/nike-air-max-history,6593,149,0.022735,9.69,low_hanging
https://demo-store.com/product/asics-walking-shoes-919,6591,0,0.0,23.06,zero_clicks
https://demo-store.com/product/asics-walking-shoes-544,6580,114,0.017366,11.45,declining
https://demo-store.com/brands/mizuno,6573,221,0.033695,7.0,declining
https://demo-store.com/product/reebok-tennis-shoes-753,6572,113,0.017304,3.85,low_ctr
https://demo-store.com/product/mizuno-football-boots-206,6558,127,0.019378,11.3,page2_trap
https://demo-store.com/product/on-running-cricket-shoes-417,6555,94,0.014387,11.02,declining
https://demo-store.com/blog/how-to-break-in-new-shoes,6550,77,0.011797,5.88,low_ctr
https://demo-store.com/product/on-running-cricket-shoes-927,6538,121,0.018602,11.1,page2_trap
https://demo-store.com/product/asics-walking-shoes-679,6533,227,0.034867,7.14,normal
https://demo-store.com/product/adidas-trail-shoes-361,6529,248,0.038,6.06,normal
https://demo-store.com/product/brooks-cycling-shoes-203,6484,47,0.007296,12.98,page2_trap
https://demo-store.com/product/altra-badminton-shoes-643,6460,77,0.011929,14.68,page2_trap
https://demo-store.com/product/nike-running-shoes-975,6434,265,0.041339,7.21,normal
https://demo-store.com/product/vans-swimming-704,6432,282,0.043846,7.1,declining
https://demo-store.com/product/reebok-tennis-shoes-813,6428,179,0.027955,9.35,declining
https://demo-store.com/product/saucony-hiking-boots-157,6412,323,0.050424,4.26,normal
https://demo-store.com/product/altra-badminton-shoes-988,6400,53,0.008419,13.42,page2_trap
https://demo-store.com/product/under-armour-casual-shoes-951,6389,587,0.091989,3.94,normal
https://demo-store.com/collection/kids-shoes,6357,4,0.000629,16.99,zero_clicks
https://demo-store.com/product/under-armour-casual-shoes-981,6223,2,0.000321,8.32,zero_clicks
https://demo-store.com/product/mizuno-football-boots-416,6216,91,0.014727,11.9,low_hanging
https://demo-store.com/product/puma-basketball-shoes-437,6214,302,0.04869,6.92,normal
https://demo-store.com/product/new-balance-gym-shoes-140,6206,1,0.000161,23.16,zero_clicks
https://demo-store.com/product/saucony-hiking-boots-682,6175,240,0.038869,7.45,normal
https://demo-store.com/product/saucony-hiking-boots-487,6171,343,0.055654,4.09,normal
https://demo-store.com/product/under-armour-casual-shoes-726,6141,84,0.013772,14.1,page2_trap
https://demo-store.com/product/brooks-cycling-shoes-668,6140,2,0.000326,9.31,zero_clicks
https://demo-store.com/category/hiking-boots,6135,252,0.041143,7.23,normal
https://demo-store.com/product/salomon-yoga-940,6133,473,0.077169,4.48,normal
https://demo-store.com/product/reebok-tennis-shoes-393,6101,105,0.017373,10.5,low_hanging
https://demo-store.com/category/casual-shoes,6014,489,0.081398,3.72,normal
https://demo-store.com/product/puma-basketball-shoes-422,6011,241,0.040194,6.55,normal
https://demo-store.com/product/adidas-trail-shoes-676,6009,38,0.00641,7.7,low_ctr
https://demo-store.com/product/puma-basketball-shoes-227,5981,85,0.014227,13.51,page2_trap
https://demo-store.com/product/under-armour-casual-shoes-516,5904,396,0.067094,4.61,normal
https://demo-store.com/product/adidas-trail-shoes-316,5901,533,0.090351,3.66,normal
https://demo-store.com/product/on-running-cricket-shoes-462,5900,363,0.061686,5.11,normal
https://demo-store.com/product/on-running-cricket-shoes-597,5873,68,0.011721,14.27,declining
https://demo-store.com/product/puma-basketball-shoes-407,5864,177,0.030259,9.54,normal
https://demo-store.com/product/vans-swimming-539,5808,3,0.000517,10.45,zero_clicks
https://demo-store.com/product/adidas-trail-shoes-256,5804,452,0.077961,3.11,normal
https://demo-store.com/product/hoka-cross-training-114,5738,111,0.01937,9.25,normal
https://demo-store.com/product/hoka-cross-training-714,5724,146,0.025586,7.18,normal
https://demo-store.com/product/salomon-yoga-745,5721,304,0.053142,4.83,normal
https://demo-store.com/product/nike-running-shoes-225,5689,50,0.008841,12.98,declining
https://demo-store.com/product/altra-badminton-shoes-73,5665,187,0.033013,8.3,low_hanging
https://demo-store.com/product/vans-swimming-89,5639,280,0.049685,6.05,normal
https://demo-store.com/product/under-armour-casual-shoes-156,5636,76,0.013661,14.82,declining
https://demo-store.com/product/new-balance-gym-shoes-800,5631,111,0.019838,8.69,declining
https://demo-store.com/product/salomon-yoga-715,5602,279,0.049831,6.53,declining
https://demo-store.com/product/asics-walking-shoes-784,5597,185,0.033068,7.97,normal
https://demo-store.com/product/puma-basketball-shoes-677,5590,316,0.056593,5.29,normal
https://demo-store.com/product/on-running-cricket-shoes-102,5585,312,0.055974,4.57,normal
https://demo-store.com/product/salomon-yoga-415,5582,66,0.011986,13.43,declining
https://demo-store.com/product/hoka-cross-training-279,5562,133,0.023967,9.45,normal
https://demo-store.com/product/reebok-tennis-shoes-693,5551,261,0.04705,6.24,normal
https://demo-store.com/product/brooks-cycling-shoes-83,5537,51,0.009227,7.08,low_ctr
https://demo-store.com/product/asics-walking-shoes-454,5516,77,0.014021,11.71,low_hanging
https://demo-store.com/product/adidas-trail-shoes-796,5504,215,0.039187,7.99,normal
https://demo-store.com/product/puma-basketball-shoes-137,5466,63,0.011527,14.18,page2_trap
https://demo-store.com/product/saucony-hiking-boots-667,5456,71,0.013155,10.71,declining
https://demo-store.com/product/reebok-tennis-shoes-798,5450,226,0.041486,7.74,normal
https://demo-store.com/product/nike-running-shoes-345,5434,419,0.077153,3.85,normal
https://demo-store.com/product/asics-walking-shoes-94,5420,234,0.043338,6.55,normal
https://demo-store.com/blog/marathon-training-gear,5417,2,0.000369,20.84,zero_clicks
https://demo-store.com/product/reebok-tennis-shoes-558,5411,170,0.031538,6.39,normal
https://demo-store.com/product/saucony-hiking-boots-82,5371,209,0.039026,7.43,declining
https://demo-store.com/product/salomon-yoga-325,5346,105,0.019719,8.91,normal
https://demo-store.com/product/adidas-trail-shoes-136,5339,72,0.013619,10.79,low_hanging
https://demo-store.com/product/saucony-hiking-boots-397,5336,102,0.019204,11.86,declining
https://demo-store.com/product/mizuno-football-boots-806,5314,116,0.021875,5.29,low_ctr
https://demo-store.com/product/hoka-cross-training-969,5314,89,0.016842,11.21,declining
https://demo-store.com/product/new-balance-gym-shoes-755,5281,137,0.026051,9.84,normal
https://demo-store.com/product/nike-running-shoes-495,5270,0,0.0,11.76,zero_clicks
https://demo-store.com/product/hoka-cross-training-414,5228,445,0.085128,3.51,normal
https://demo-store.com/product/reebok-tennis-shoes-768,5225,158,0.030361,8.88,declining
https://demo-store.com/product/new-balance-gym-shoes-440,5212,100,0.019344,9.69,normal
https://demo-store.com/product/saucony-hiking-boots-232,5210,75,0.014554,14.23,declining
https://demo-store.com/product/puma-basketball-shoes-527,5197,490,0.094395,3.12,normal
https://demo-store.com/product/vans-swimming-779,5093,165,0.03259,8.9,normal
https://demo-store.com/product/saucony-hiking-boots-592,5060,160,0.031748,8.27,normal
https://demo-store.com/product/adidas-trail-shoes-646,5059,98,0.019432,8.49,declining
https://demo-store.com/product/mizuno-football-boots-866,5057,387,0.076681,3.35,normal
https://demo-store.com/product/salomon-yoga-625,5052,78,0.015501,10.92,low_hanging
https://demo-store.com/product/brooks-cycling-shoes-623,5050,155,0.030747,9.61,low_hanging
https://demo-store.com/product/mizuno-football-boots-851,5045,120,0.023826,9.49,low_hanging
https://demo-store.com/product/puma-basketball-shoes-722,5032,0,0.0,17.22,zero_clicks
https://demo-store.com/product/new-balance-gym-shoes-770,5025,242,0.048343,6.64,normal
https://demo-store.com/product/under-armour-casual-shoes-546,5019,3,0.000598,11.88,zero_clicks
https://demo-store.com/product/saucony-hiking-boots-607,5003,293,0.05866,4.57,normal
https://demo-store.com/product/salomon-yoga-250,4990,66,0.013296,14.9,declining
https://demo-store.com/product/reebok-tennis-shoes-633,4989,403,0.080813,3.65,normal
https://demo-store.com/product/vans-swimming-194,4979,271,0.054475,5.91,normal
https://demo-store.com/product/asics-walking-shoes-604,4969,4,0.000805,10.32,zero_clicks
https://demo-store.com/product/mizuno-football-boots-551,4919,357,0.072619,3.72,normal
https://demo-store.com/product/on-running-cricket-shoes-432,4918,1,0.000203,16.93,zero_clicks
https://demo-store.com/product/hoka-cross-training-684,4906,106,0.021797,11.82,page2_trap
https://demo-store.com/product/hoka-cross-training-759,4900,161,0.033023,6.95,normal
https://demo-store.com/brands/puma,4886,475,0.097394,3.46,normal
https://demo-store.com/category/badminton-shoes,4874,188,0.038671,7.91,normal
https://demo-store.com/product/altra-badminton-shoes-88,4849,426,0.087897,3.27,normal
https://demo-store.com/product/salomon-yoga-340,4847,103,0.021377,3.57,low_ctr
https://demo-store.com/product/adidas-trail-shoes-331,4833,66,0.013714,10.81,declining
https://demo-store.com/product/altra-badminton-shoes-523,4791,158,0.033021,6.61,declining
https://demo-store.com/product/vans-swimming-944,4778,0,0.0,18.96,zero_clicks
https://demo-store.com/product/new-balance-gym-shoes-320,4776,116,0.024404,9.24,low_hanging
https://demo-store.com/product/vans-swimming-689,4776,161,0.033743,8.96,normal
https://demo-store.com/product/adidas-trail-shoes-376,4764,139,0.029291,7.93,normal
https://demo-store.com/product/brooks-cycling-shoes-818,4748,1,0.000211,10.43,zero_clicks
https://demo-store.com/product/nike-running-shoes-810,4737,130,0.027504,8.08,normal
https://demo-store.com/product/nike-running-shoes-165,4697,47,0.010043,12.98,declining
https://demo-store.com/product/new-balance-gym-shoes-470,4682,76,0.016338,10.1,low_hanging
https://demo-store.com/product/salomon-yoga-760,4668,65,0.014125,11.34,page2_trap
https://demo-store.com/product/reebok-tennis-shoes-153,4618,330,0.071639,4.61,normal
https://demo-store.com/product/vans-swimming-254,4606,91,0.019869,8.59,normal
https://demo-store.com/product/on-running-cricket-shoes-897,4605,238,0.051861,4.02,normal
https://demo-store.com/product/altra-badminton-shoes-343,4596,99,0.021666,8.08,low_hanging
https://demo-store.com/product/adidas-trail-shoes-226,4588,80,0.017451,11.73,declining
https://demo-store.com/product/asics-walking-shoes-559,4540,119,0.026429,8.05,normal
https://demo-store.com/product/brooks-cycling-shoes-548,4537,120,0.026641,7.99,normal
https://demo-store.com/product/on-running-cricket-shoes-957,4485,51,0.011413,14.16,declining
https://demo-store.com/product/saucony-hiking-boots-742,4391,4,0.000911,16.38,zero_clicks
https://demo-store.com/product/salomon-yoga-925,4368,80,0.018433,10.84,declining
https://demo-store.com/product/altra-badminton-shoes-898,4342,31,0.007258,12.78,declining
https://demo-store.com/product/vans-swimming-794,4314,54,0.012702,7.12,low_ctr
https://demo-store.com/product/under-armour-casual-shoes-996,4309,83,0.019425,9.37,normal
https://demo-store.com/category/yoga,4279,93,0.021874,8.18,low_hanging
https://demo-store.com/product/under-armour-casual-shoes-696,4246,2,0.000471,16.73,zero_clicks
https://demo-store.com/product/asics-walking-shoes-484,4219,1,0.000237,16.99,zero_clicks
https://demo-store.com/product/under-armour-casual-shoes-276,4205,136,0.032368,8.65,normal
https://demo-store.com/product/new-balance-gym-shoes-680,4201,47,0.011372,12.59,declining
https://demo-store.com/product/adidas-trail-shoes-391,4194,286,0.068227,5.42,normal
https://demo-store.com/product/brooks-cycling-shoes-323,4194,60,0.014542,3.86,low_ctr
https://demo-store.com/product/altra-badminton-shoes-793,4188,127,0.030382,7.74,normal
https://demo-store.com/product/on-running-cricket-shoes-942,4183,160,0.03842,7.03,declining
https://demo-store.com/blog/running-form-tips,4181,295,0.070631,3.45,normal
https://demo-store.com/product/puma-basketball-shoes-812,4159,96,0.02322,8.21,normal
https://demo-store.com/product/vans-swimming-959,4158,116,0.028023,9.24,normal
https://demo-store.com/product/brooks-cycling-shoes-263,4152,118,0.028613,8.5,low_hanging
https://demo-store.com/product/on-running-cricket-shoes-807,4143,156,0.037766,7.8,normal
https://demo-store.com/product/nike-running-shoes-150,4130,129,0.031392,2.1,low_ctr
https://demo-store.com/product/new-balance-gym-shoes-950,4129,156,0.037817,7.99,normal
https://demo-store.com/product/salomon-yoga-955,4005,56,0.014137,13.91,page2_trap
https://demo-store.com/product/nike-running-shoes-915,3995,126,0.031621,7.64,normal
https://demo-store.com/product/vans-swimming-389,3981,31,0.008032,12.91,declining
https://demo-store.com/product/mizuno-football-boots-146,3975,189,0.047751,5.48,normal
https://demo-store.com/product/puma-basketball-shoes-782,3963,98,0.024922,9.39,normal
https://demo-store.com/collection/eco-friendly,3950,84,0.021461,8.02,normal
https://demo-store.com/product/mizuno-football-boots-521,3924,78,0.020069,10.1,low_hanging
https://demo-store.com/product/nike-running-shoes-615,3890,107,0.027691,8.64,normal
https://demo-store.com/product/brooks-cycling-shoes-368,3879,111,0.028838,8.3,low_hanging
https://demo-store.com/product/saucony-hiking-boots-697,3848,146,0.038088,6.28,declining
https://demo-store.com/product/brooks-cycling-shoes-533,3838,70,0.018434,10.55,low_hanging
https://demo-store.com/product/brooks-cycling-shoes-503,3831,162,0.042372,5.31,normal
https://demo-store.com/product/altra-badminton-shoes-403,3829,2,0.000522,24.58,zero_clicks
https://demo-store.com/product/reebok-tennis-shoes-513,3828,200,0.052418,5.59,normal
https://demo-store.com/product/new-balance-gym-shoes-830,3807,1,0.000263,24.93,zero_clicks
https://demo-store.com/product/under-armour-casual-shoes-786,3788,84,0.022241,8.86,normal
https://demo-store.com/product/altra-badminton-shoes-943,3782,80,0.021188,11.41,low_hanging
https://demo-store.com/product/salomon-yoga-100,3780,50,0.013405,11.93,declining
https://demo-store.com/product/new-balance-gym-shoes-710,3767,154,0.040944,7.5,normal
https://demo-store.com/product/mizuno-football-boots-821,3762,44,0.011901,11.19,declining
https://demo-store.com/product/salomon-yoga-700,3746,91,0.024328,8.77,normal
https://demo-store.com/product/nike-running-shoes-945,3734,98,0.026282,8.08,normal
https://demo-store.com/product/adidas-trail-shoes-301,3732,203,0.054586,4.21,normal
https://demo-store.com/product/altra-badminton-shoes-133,3683,28,0.007865,14.68,declining
https://demo-store.com/blog/brooks-ghost-review,3657,60,0.016487,10.61,low_hanging
https://demo-store.com/product/asics-walking-shoes-529,3644,109,0.030048,7.34,normal
https://demo-store.com/product/new-balance-gym-shoes-380,3627,33,0.009323,13.2,page2_trap
https://demo-store.com/product/nike-running-shoes-750,3612,204,0.056623,5.86,normal
https://demo-store.com/product/new-balance-gym-shoes-200,3590,79,0.02206,9.87,normal
https://demo-store.com/product/new-balance-gym-shoes-305,3589,3,0.000836,10.57,zero_clicks
https://demo-store.com/product/salomon-yoga-130,3496,91,0.026051,8.15,declining
https://demo-store.com/product/under-armour-casual-shoes-681,3466,132,0.038201,6.06,declining
https://demo-store.com/product/new-balance-gym-shoes-980,3449,131,0.038109,6.62,normal
https://demo-store.com/product/brooks-cycling-shoes-233,3417,0,0.0,20.69,zero_clicks
https://demo-store.com/product/altra-badminton-shoes-733,3411,116,0.034129,8.1,normal
https://demo-store.com/product/puma-basketball-shoes-887,3409,3,0.00088,15.7,zero_clicks
https://demo-store.com/product/under-armour-casual-shoes-876,3391,0,0.0,17.31,zero_clicks
https://demo-store.com/blog/minimalist-shoes-guide,3373,53,0.015721,11.2,page2_trap
https://demo-store.com/product/asics-walking-shoes-169,3347,110,0.033131,6.86,normal
https://demo-store.com/product/mizuno-football-boots-86,3286,4,0.001217,13.97,zero_clicks
https://demo-store.com/product/asics-walking-shoes-979,3284,38,0.011762,11.56,low_hanging
https://demo-store.com/product/on-running-cricket-shoes-342,3273,35,0.010753,12.83,declining
https://demo-store.com/product/altra-badminton-shoes-373,3255,48,0.014776,10.77,declining
https://demo-store.com/product/puma-basketball-shoes-602,3233,106,0.032806,6.43,normal
https://demo-store.com/product/salomon-yoga-790,3179,71,0.022397,8.86,normal
https://demo-store.com/product/asics-walking-shoes-79,3162,100,0.031783,9.83,normal
https://demo-store.com/product/on-running-cricket-shoes-327,3147,37,0.011851,11.38,declining
https://demo-store.com/brands/vans,3146,143,0.045573,6.78,normal
https://demo-store.com/product/reebok-tennis-shoes-408,3110,125,0.040294,6.49,normal
https://demo-store.com/product/under-armour-casual-shoes-321,3093,42,0.013632,12.03,declining
https://demo-store.com/product/under-armour-casual-shoes-381,3080,134,0.043546,7.98,normal
https://demo-store.com/product/under-armour-casual-shoes-741,3077,39,0.012861,12.54,page2_trap
https://demo-store.com/product/puma-basketball-shoes-572,3025,95,0.031414,8.01,normal
https://demo-store.com/product/puma-basketball-shoes-467,3009,149,0.049777,6.18,normal
https://demo-store.com/product/puma-basketball-shoes-932,2991,22,0.007581,13.8,page2_trap
https://demo-store.com/product/mizuno-football-boots-341,2892,227,0.078606,3.96,normal
https://demo-store.com/product/under-armour-casual-shoes-501,2865,96,0.033551,8.64,normal
https://demo-store.com/product/adidas-trail-shoes-286,2864,56,0.019885,9.11,declining
https://demo-store.com/product/salomon-yoga-280,2847,108,0.038016,6.96,normal
https://demo-store.com/product/altra-badminton-shoes-178,2847,97,0.034352,8.37,low_hanging
https://demo-store.com/category/running-shoes,2819,36,0.012939,10.97,low_hanging
https://demo-store.com/product/adidas-trail-shoes-736,2809,3,0.001068,18.87,zero_clicks
https://demo-store.com/product/brooks-cycling-shoes-383,2775,179,0.064821,4.66,normal
https://demo-store.com/product/adidas-trail-shoes-106,2746,24,0.008751,13.01,declining
https://demo-store.com/product/saucony-hiking-boots-832,2730,1,0.000366,20.48,zero_clicks
https://demo-store.com/product/nike-running-shoes-450,2722,22,0.008401,14.65,page2_trap
https://demo-store.com/product/salomon-yoga-640,2690,88,0.032977,8.82,declining
https://demo-store.com/product/mizuno-football-boots-641,2681,103,0.038543,7.49,normal
https://demo-store.com/product/vans-swimming-899,2679,48,0.018106,11.54,declining
https://demo-store.com/blog/stability-vs-neutral,2667,88,0.033001,8.06,normal
https://demo-store.com/product/asics-walking-shoes-229,2653,209,0.078853,3.63,normal
https://demo-store.com/product/adidas-trail-shoes-946,2600,77,0.029691,7.7,normal
https://demo-store.com/product/hoka-cross-training-159,2568,102,0.040056,7.47,normal
https://demo-store.com/product/hoka-cross-training-489,2512,48,0.019144,8.96,low_hanging
https://demo-store.com/product/brooks-cycling-shoes-248,2501,80,0.032011,9.64,normal
https://demo-store.com/product/mizuno-football-boots-791,2480,60,0.024572,8.57,declining
https://demo-store.com/product/brooks-cycling-shoes-638,2475,62,0.025179,9.92,normal
https://demo-store.com/product/on-running-cricket-shoes-822,2442,82,0.033674,7.16,declining
https://demo-store.com/product/under-armour-casual-shoes-666,2434,45,0.018499,8.4,normal
https://demo-store.com/product/asics-walking-shoes-769,2425,60,0.024755,9.49,declining
https://demo-store.com/product/nike-running-shoes-720,2424,23,0.009813,13.81,page2_trap
https://demo-store.com/product/altra-badminton-shoes-508,2422,74,0.030824,8.23,normal
https://demo-store.com/product/on-running-cricket-shoes-312,2381,28,0.012071,10.54,declining
https://demo-store.com/product/brooks-cycling-shoes-173,2380,102,0.042953,6.81,normal
https://demo-store.com/product/new-balance-gym-shoes-425,2373,21,0.009124,13.39,page2_trap
https://demo-store.com/product/hoka-cross-training-594,2367,179,0.075879,4.84,normal
https://demo-store.com/product/on-running-cricket-shoes-72,2323,3,0.001291,20.6,zero_clicks
https://demo-store.com/product/brooks-cycling-shoes-443,2289,84,0.036737,7.31,normal
https://demo-store.com/collection/vegan-shoes,2253,46,0.020643,8.2,normal
https://demo-store.com/product/nike-running-shoes-840,2241,94,0.04218,6.48,normal
https://demo-store.com/product/adidas-trail-shoes-586,2240,27,0.012184,14.4,page2_trap
https://demo-store.com/product/puma-basketball-shoes-302,2234,90,0.040457,7.59,declining
https://demo-store.com/product/vans-swimming-839,2218,93,0.042354,6.58,normal
https://demo-store.com/product/on-running-cricket-shoes-387,2208,69,0.031341,7.13,declining
https://demo-store.com/product/puma-basketball-shoes-77,2184,124,0.056797,5.48,normal
https://demo-store.com/product/puma-basketball-shoes-827,2182,125,0.05766,5.68,normal
https://demo-store.com/category/trail-shoes,2179,93,0.042844,7.74,normal
https://demo-store.com/product/salomon-yoga-445,2141,131,0.061521,5.89,normal
https://demo-store.com/blog/best-shoes-for-overpronation,2088,66,0.032086,7.61,normal
https://demo-store.com/product/nike-running-shoes-405,2086,205,0.098362,3.35,normal
https://demo-store.com/product/adidas-trail-shoes-991,2039,39,0.019298,11.59,low_hanging
https://demo-store.com/product/altra-badminton-shoes-553,2024,82,0.040689,7.18,normal
https://demo-store.com/blog/best-running-shoes-2024,2018,32,0.015863,10.4,low_hanging
https://demo-store.com/product/salomon-yoga-550,1999,158,0.079248,3.04,normal
https://demo-store.com/product/reebok-tennis-shoes-738,1953,57,0.02939,8.75,normal
https://demo-store.com/product/on-running-cricket-shoes-492,1924,86,0.04487,7.26,declining
https://demo-store.com/brands/adidas,1916,35,0.018546,8.06,declining
https://demo-store.com/product/reebok-tennis-shoes-273,1842,21,0.011803,14.72,declining
https://demo-store.com/product/reebok-tennis-shoes-318,1835,51,0.027829,7.08,normal
https://demo-store.com/product/new-balance-gym-shoes-365,1811,88,0.048869,5.3,normal
https://demo-store.com/category/football-boots,1807,59,0.03273,8.99,normal
https://demo-store.com/product/vans-swimming-224,1803,23,0.012961,14.2,declining
https://demo-store.com/product/puma-basketball-shoes-737,1774,140,0.079471,4.67,normal
https://demo-store.com/product/salomon-yoga-880,1761,24,0.0137,14.34,declining
https://demo-store.com/blog/asics-gel-vs-foam,1735,81,0.047227,6.1,normal
https://demo-store.com/product/brooks-cycling-shoes-998,1733,13,0.007943,13.31,page2_trap
https://demo-store.com/product/reebok-tennis-shoes-378,1713,82,0.047974,6.16,normal
https://demo-store.com/product/altra-badminton-shoes-478,1696,136,0.080336,3.32,normal
https://demo-store.com/product/altra-badminton-shoes-358,1686,39,0.023271,8.84,declining
https://demo-store.com/product/hoka-cross-training-639,1660,87,0.05268,4.6,normal
https://demo-store.com/product/puma-basketball-shoes-947,1643,38,0.023402,9.3,normal
https://demo-store.com/product/new-balance-gym-shoes-740,1610,102,0.063611,5.45,normal
https://demo-store.com/product/brooks-cycling-shoes-353,1606,99,0.061988,5.41,normal
https://demo-store.com/product/new-balance-gym-shoes-185,1601,22,0.013774,10.09,declining
https://demo-store.com/sale/outlet,1600,1,0.000625,17.14,zero_clicks
https://demo-store.com/product/saucony-hiking-boots-532,1519,57,0.037585,6.84,declining
https://demo-store.com/product/mizuno-football-boots-311,1513,69,0.046219,6.15,normal
https://demo-store.com/product/mizuno-football-boots-956,1511,17,0.011631,13.31,declining
https://demo-store.com/product/altra-badminton-shoes-748,1492,21,0.01454,12.71,new_page
https://demo-store.com/product/new-balance-gym-shoes-995,1476,5,0.003702,25.25,new_page
https://demo-store.com/product/vans-swimming-509,1474,4,0.002818,25.9,new_page
https://demo-store.com/product/asics-walking-shoes-574,1466,3,0.002147,21.62,new_page
https://demo-store.com/product/under-armour-casual-shoes-396,1464,71,0.048971,6.73,declining
https://demo-store.com/blog/waterproof-running-shoes,1458,52,0.035844,7.05,normal
https://demo-store.com/product/salomon-yoga-820,1450,113,0.078206,3.03,normal
https://demo-store.com/product/adidas-trail-shoes-811,1442,3,0.002309,32.69,new_page
https://demo-store.com/product/altra-badminton-shoes-208,1431,2,0.00176,31.76,new_page
https://demo-store.com/product/brooks-cycling-shoes-803,1430,45,0.03164,8.64,normal
https://demo-store.com/product/under-armour-casual-shoes-441,1393,9,0.006874,17.9,new_page
https://demo-store.com/product/new-balance-gym-shoes-485,1372,14,0.010704,14.81,declining
https://demo-store.com/brands/asics,1366,4,0.00306,22.55,new_page
https://demo-store.com/product/mizuno-football-boots-161,1341,101,0.075852,4.77,normal
https://demo-store.com/product/vans-swimming-179,1339,16,0.012378,15.0,declining
https://demo-store.com/product/hoka-cross-training-129,1329,1,0.000752,20.82,zero_clicks
https://demo-store.com/product/reebok-tennis-shoes-123,1324,7,0.005628,24.28,new_page
https://demo-store.com/product/reebok-tennis-shoes-78,1321,7,0.005703,29.24,new_page
https://demo-store.com/product/new-balance-gym-shoes-215,1319,5,0.003991,27.71,new_page
https://demo-store.com/product/puma-basketball-shoes-752,1313,74,0.05649,5.75,normal
https://demo-store.com/product/mizuno-football-boots-731,1306,1,0.001446,30.1,new_page
https://demo-store.com/product/new-balance-gym-shoes-110,1304,3,0.002784,30.75,new_page
https://demo-store.com/product/nike-running-shoes-360,1283,30,0.023643,9.06,normal
https://demo-store.com/product/vans-swimming-989,1278,16,0.013271,12.9,new_page
https://demo-store.com/product/puma-basketball-shoes-347,1272,5,0.004528,24.33,new_page
https://demo-store.com/product/mizuno-football-boots-986,1271,3,0.002919,25.58,new_page
https://demo-store.com/product/brooks-cycling-shoes-563,1267,7,0.005924,15.13,new_page
https://demo-store.com/product/reebok-tennis-shoes-828,1249,60,0.048725,5.09,normal
https://demo-store.com/product/brooks-cycling-shoes-758,1231,78,0.063952,4.84,normal
https://demo-store.com/product/asics-walking-shoes-889,1183,3,0.002804,26.55,new_page
https://demo-store.com/product/nike-running-shoes-510,1180,6,0.005698,19.4,new_page
https://demo-store.com/product/vans-swimming-74,1167,11,0.009954,12.83,new_page
https://demo-store.com/product/nike-running-shoes-180,1159,24,0.020978,8.34,normal
https://demo-store.com/product/adidas-trail-shoes-751,1156,6,0.005689,18.1,new_page
https://demo-store.com/product/puma-basketball-shoes-917,1144,36,0.03192,7.03,declining
https://demo-store.com/sale/clearance,1137,11,0.009765,15.62,new_page
https://demo-store.com/product/hoka-cross-training-324,1045,10,0.01,16.42,new_page
https://demo-store.com/product/salomon-yoga-190,1042,15,0.014785,14.79,new_page
https://demo-store.com/product/asics-walking-shoes-709,1031,9,0.009238,13.4,new_page
https://demo-store.com/product/under-armour-casual-shoes-456,1008,8,0.008853,18.28,new_page
https://demo-store.com/product/saucony-hiking-boots-952,997,5,0.005099,22.24,new_page
https://demo-store.com/product/altra-badminton-shoes-703,958,1,0.001184,30.61,new_page
https://demo-store.com/product/reebok-tennis-shoes-858,952,8,0.009093,13.06,new_page
https://demo-store.com/product/on-running-cricket-shoes-87,952,94,0.099112,3.81,normal
https://demo-store.com/product/saucony-hiking-boots-562,951,8,0.008893,19.7,new_page
https://demo-store.com/product/altra-badminton-shoes-853,913,4,0.005188,26.92,new_page
https://demo-store.com/product/adidas-trail-shoes-406,906,8,0.009192,17.71,new_page
https://demo-store.com/product/mizuno-football-boots-656,865,3,0.004514,23.65,new_page
https://demo-store.com/product/vans-swimming-734,851,2,0.002542,31.57,new_page
https://demo-store.com/product/puma-basketball-shoes-902,843,4,0.005152,21.58,new_page
https://demo-store.com/product/adidas-trail-shoes-466,802,2,0.002877,26.14,new_page
https://demo-store.com/product/under-armour-casual-shoes-231,799,4,0.005654,24.21,new_page
https://demo-store.com/product/under-armour-casual-shoes-561,730,1,0.00176,31.36,new_page
https://demo-store.com/product/reebok-tennis-shoes-843,727,2,0.004076,17.39,new_page
https://demo-store.com/product/on-running-cricket-shoes-252,722,3,0.005155,29.81,new_page
https://demo-store.com/product/vans-swimming-674,705,3,0.004467,18.24,new_page
https://demo-store.com/product/hoka-cross-training-699,695,64,0.093429,3.43,normal
https://demo-store.com/product/nike-running-shoes-540,662,3,0.005443,15.74,new_page
https://demo-store.com/product/adidas-trail-shoes-166,658,1,0.00298,31.78,new_page
https://demo-store.com/product/saucony-hiking-boots-217,653,16,0.025909,9.29,normal
https://demo-store.com/product/reebok-tennis-shoes-453,642,0,0.001019,32.17,new_page
https://demo-store.com/product/new-balance-gym-shoes-620,561,3,0.005933,15.36,new_page
https://demo-store.com/product/mizuno-football-boots-71,558,24,0.043925,5.33,normal
https://demo-store.com/product/saucony-hiking-boots-982,493,2,0.005971,22.33,new_page
https://demo-store.com/product/saucony-hiking-boots-472,464,1,0.002599,25.17,new_page
https://demo-store.com/product/hoka-cross-training-564,461,1,0.002711,23.02,new_page
https://demo-store.com/product/nike-running-shoes-135,456,5,0.012525,13.75,new_page
https://demo-store.com/product/adidas-trail-shoes-451,410,0,0.001073,33.48,new_page
https://demo-store.com/product/brooks-cycling-shoes-983,399,2,0.006465,17.05,new_page
https://demo-store.com/category/gym-shoes,376,1,0.003361,28.06,new_page
https://demo-store.com/product/mizuno-football-boots-941,341,1,0.005325,15.7,new_page
https://demo-store.com/product/hoka-cross-training-174,341,2,0.008327,13.64,new_page
https://demo-store.com/product/altra-badminton-shoes-583,340,1,0.003372,20.01,new_page
https://demo-store.com/product/hoka-cross-training-954,336,0,0.001393,32.5,new_page
https://demo-store.com/product/saucony-hiking-boots-817,331,0,0.001685,34.82,new_page
https://demo-store.com/product/asics-walking-shoes-289,331,1,0.003158,29.58,new_page
https://demo-store.com/product/nike-running-shoes-960,324,1,0.004042,22.69,new_page
https://demo-store.com/product/nike-running-shoes-255,319,4,0.01332,12.34,new_page
https://demo-store.com/product/puma-basketball-shoes-857,317,1,0.003952,23.11,new_page
https://demo-store.com/product/reebok-tennis-shoes-108,298,1,0.005206,22.5,new_page
https://demo-store.com/product/brooks-cycling-shoes-488,281,3,0.012282,12.74,new_page
https://demo-store.com/product/reebok-tennis-shoes-933,267,2,0.008115,18.67,new_page
https://demo-store.com/product/salomon-yoga-535,245,0,0.002838,32.58,new_page
https://demo-store.com/product/on-running-cricket-shoes-747,240,2,0.009912,19.77,new_page
https://demo-store.com/product/puma-basketball-shoes-392,211,1,0.00781,17.76,new_page
https://demo-store.com/product/on-running-cricket-shoes-702,203,1,0.007516,12.5,new_page
https://demo-store.com/product/salomon-yoga-865,203,0,0.003283,29.28,new_page
https://demo-store.com/product/saucony-hiking-boots-727,198,1,0.005768,20.59,new_page
https://demo-store.com/product/new-balance-gym-shoes-815,195,0,0.002778,22.86,new_page
https://demo-store.com/collection/mens-running,190,0,0.001739,32.22,new_page
https://demo-store.com/collection/collab-drops,154,1,0.010389,14.12,new_page
https://demo-store.com/product/asics-walking-shoes-259,138,0,0.005635,28.73,new_page
https://demo-store.com/product/adidas-trail-shoes-76,131,0,0.00142,32.68,new_page
https://demo-store.com/product/salomon-yoga-910,131,0,0.005936,15.54,new_page
https://demo-store.com/product/reebok-tennis-shoes-648,104,0,0.002317,31.5,new_page
https://demo-store.com/product/new-balance-gym-shoes-80,100,0,0.009547,16.13,new_page
https://demo-store.com/product/vans-swimming-554,75,0,0.006327,18.71,new_page
https://demo-store.com/product/saucony-hiking-boots-652,74,0,0.002868,34.7,new_page
https://demo-store.com/sale/loyalty-rewards,69,0,0.005994,22.54,new_page
